name,size_bytes,sha256,acquired_at_utc7,source
2025-06-13.zip,1230452,9a391ea473bdc068bf0a8568856999d74babf11d9cbc0964abdf47f40d08b8cd,2025-09-24 08:56:16 +0700,room_upload
2025-06-14-Analytics-Logs.zip,102688,65fc7d372593e166b421010f3f348052c11f7797cd65f3617ffddf6bec683dfe,2025-09-24 08:56:16 +0700,room_upload
Apple-Suport-History-2025-Jun.json,4903,25281a9637ca679e5ac0c68e5164dcf1ae6396761ee6509a03a57a93dad66ffd,2025-09-24 08:56:16 +0700,room_upload
C-2024-06-14-Analytics-Logs.zip,78979,4d3e8fb71929a634282c6b503f084251ce599b0833221278262b2b3da545dc3c,2025-09-24 08:56:16 +0700,room_upload
H.zip,3708645,f3865c3f6cafe9f7f65baecc0bc4742d4ea0d752b219250b28c7571045c5eba9,2025-09-24 08:56:16 +0700,room_upload
Organize.csv,6336,76f76a2d20d5ccfc614ac76cb751cded64eb5861dd656f2ea90789ad1782dec2,2025-09-24 08:56:16 +0700,room_upload
TTPs.txt,5360,7a236b26e9932a66238a2f8a1a38f6c0cf837fb363440f556b0e036d134c1561,2025-09-24 08:56:16 +0700,room_upload
Tajima.zip,5798,cca060698fefa90239c46390a6406398c69c7953289086cdf27b20cea5aa8883,2025-09-24 08:56:16 +0700,room_upload
Template-1.txt,18720,bc38e90523b6317a4b13a4be971199e2d0eb08ff71c27786a57c9b5fe4285297,2025-09-24 08:56:16 +0700,room_upload
cloudd-_diskwrites_risoce-2025-0614-12034.zip,42749,19d9106cb69d2a459a8edd1c796f36a872667742965d4fe359f76e7f724fd55c,2025-09-24 08:56:16 +0700,room_upload
